{
  "version": "v2",
  "n_features": 18,
  "feature_names": [
    "amount",
    "hour_of_day",
    "day_of_week",
    "merchant_category",
    "distance_from_home",
    "distance_from_last_txn",
    "transaction_frequency",
    "avg_transaction_amount",
    "time_since_last_txn",
    "is_online",
    "card_present",
    "merchant_risk_score",
    "account_age_days",
    "num_failed_txns_24h",
    "credit_utilization",
    "amount_zscore",
    "velocity_1h",
    "is_foreign"
  ],
  "coefficients": [
    0.03735562616923555,
    1.3127952421463165,
    -0.35562217490752557,
    0.017360200273231575,
    -1.669340167019781,
    0.37576784982481704,
    -0.5809455600772537,
    0.05313726887065379,
    0.047847841051527534,
    -0.05436708821453796,
    0.6545088744755606,
    -1.1915374639406147,
    -0.004109417026213221,
    0.25817304610256286,
    -0.04180127650898731,
    0.03735562616923373,
    -0.004876717239503151,
    0.57245472744147
  ],
  "intercept": -4.758948490654024,
  "threshold": 0.5,
  "scaler": {
    "mean": [
      0.008482207464545593,
      0.13309478441689146,
      -0.010477482730842563,
      4.955136747549778e-05,
      2.2558032786726163,
      -2.3769603660792864,
      0.006848166192503766,
      0.13909385065409233,
      0.0013247258364488114,
      2.674836642489471,
      -2.3736483647533646,
      -0.1315005190921918,
      2.3675650106373123,
      -1.1472005899019677,
      -0.006004971436119517,
      -0.0026124572796695812,
      -0.0002205258718117173,
      0.100375
    ],
    "scale": [
      3.251426883798782,
      3.052254078949409,
      3.0057000216350804,
      1.0055208634715167,
      2.221950023087529,
      2.0569621795184387,
      3.07198555166474,
      3.178376969890971,
      0.9977443571427116,
      3.612603939104185,
      1.840589399353817,
      2.9840648956704827,
      2.0288974772000787,
      5.013527683343785,
      0.9973672112121924,
      0.9997878726891704,
      3.046227713209809,
      0.3004993500408203
    ]
  }
}